product_id,product_title,rating,summary,review
TV001,Samsung 55-inch 4K Ultra HD Smart LED TV,5,Excellent picture quality,"Amazing TV with crystal clear 4K resolution. The colors are vibrant and the smart features work perfectly. Netflix and Prime Video look incredible on this display. The sound quality is also quite good for a TV speaker. Setup was easy and the remote is intuitive. Highly recommend for anyone looking for a premium viewing experience."
TV001,Samsung 55-inch 4K Ultra HD Smart LED TV,4,Great value for money,"Very good TV for the price. Picture quality is excellent and the smart features are responsive. The only minor issue is that the remote sometimes has connectivity issues, but overall it's a solid purchase. The 4K content looks stunning and the HDR support really makes movies pop."
TV001,Samsung 55-inch 4K Ultra HD Smart LED TV,5,Perfect for gaming,"This TV is fantastic for gaming! The low input lag and 4K resolution make my PS5 games look incredible. The Game Mode feature works perfectly and I notice no lag during fast-paced games. The smart features are also great for streaming. Definitely worth the investment."
TV002,LG 65-inch OLED 4K Smart TV,5,Stunning OLED display,"The OLED technology is absolutely incredible. The perfect blacks and infinite contrast ratio make every movie feel like a cinematic experience. The AI ThinQ features are smart and useful. The webOS interface is smooth and intuitive. This is hands down the best TV I've ever owned."
TV002,LG 65-inch OLED 4K Smart TV,5,Best picture quality ever,"I was skeptical about OLED but this TV blew me away. The picture quality is unmatched - colors are so vibrant and the blacks are truly black. Gaming on this TV is incredible with the low input lag. The Dolby Vision support makes movies look amazing. Worth every penny."
TV002,LG 65-inch OLED 4K Smart TV,4,Excellent but expensive,"The picture quality is absolutely stunning. OLED technology really makes a difference with perfect blacks and vibrant colors. The smart features work well and the remote is intuitive. My only complaint is the price, but you get what you pay for. The sound quality is also quite good."
TV003,Sony 75-inch 4K HDR Smart TV,5,Incredible home theater experience,"This 75-inch TV creates an amazing home theater experience. The picture quality is outstanding with excellent color accuracy and HDR performance. The Android TV interface is smooth and has all the apps I need. The sound quality is also impressive for a TV speaker."
TV003,Sony 75-inch 4K HDR Smart TV,4,Great for sports viewing,"Perfect TV for watching sports. The motion handling is excellent and the large screen makes every game feel immersive. The picture quality is very good and the smart features work well. The only downside is that it takes up a lot of space, but that's expected for a 75-inch TV."
TV003,Sony 75-inch 4K HDR Smart TV,5,Outstanding picture quality,"The picture quality on this Sony TV is absolutely outstanding. The colors are accurate and the HDR content looks incredible. The Android TV interface is smooth and responsive. The sound quality is also quite good. This TV has exceeded all my expectations."
TV004,TCL 50-inch 4K Roku Smart TV,4,Great budget option,"For the price, this TV offers excellent value. The 4K picture quality is good and the Roku interface is very user-friendly. The smart features work well and there are plenty of streaming apps available. The sound quality is adequate but I'd recommend external speakers for better audio."
TV004,TCL 50-inch 4K Roku Smart TV,3,Good but basic,"This TV is good for basic viewing needs. The picture quality is decent for the price and the Roku interface is easy to use. However, the sound quality is quite poor and the build quality feels a bit cheap. It's a good budget option but don't expect premium features."
TV004,TCL 50-inch 4K Roku Smart TV,4,Perfect for streaming,"Great TV for streaming content. The Roku interface is intuitive and has all the apps I need. The 4K picture quality is good and the smart features work well. The remote is simple and easy to use. For the price, this TV offers excellent value for money."
TV005,Hisense 55-inch 4K Android Smart TV,4,Good value for money,"This Hisense TV offers good value for the price. The picture quality is decent and the Android TV interface works well. The smart features are responsive and there are plenty of apps available. The sound quality is adequate but could be better."
TV005,Hisense 55-inch 4K Android Smart TV,3,Average performance,"The TV works fine for basic viewing. The picture quality is acceptable and the Android TV interface is functional. However, the smart features can be slow at times and the sound quality is quite poor. It's an okay budget option but nothing special."
TV005,Hisense 55-inch 4K Android Smart TV,4,Decent budget TV,"For the price, this TV performs adequately. The picture quality is good enough for casual viewing and the Android TV interface has all the necessary apps. The smart features work well and the remote is easy to use. Good value for money."
TV006,Vizio 65-inch 4K Smart TV,4,Good picture quality,"The picture quality on this Vizio TV is quite good. The 4K resolution looks sharp and the colors are vibrant. The smart features work well and the interface is intuitive. The sound quality is adequate but I'd recommend external speakers for better audio experience."
TV006,Vizio 65-inch 4K Smart TV,3,Average smart TV,"This TV performs adequately for the price. The picture quality is decent and the smart features work well. However, the interface can be slow at times and the sound quality is quite poor. It's a functional TV but nothing exceptional."
TV006,Vizio 65-inch 4K Smart TV,4,Good for gaming,"This TV works well for gaming. The input lag is low and the picture quality is good enough for most games. The smart features are functional and the interface is easy to navigate. For the price, it's a decent gaming TV."
TV007,Philips 43-inch 4K Android Smart TV,4,Good compact TV,"Perfect size for smaller rooms. The picture quality is good and the Android TV interface works well. The smart features are responsive and there are plenty of apps available. The sound quality is adequate for the size."
TV007,Philips 43-inch 4K Android Smart TV,3,Basic smart TV,"This TV is functional but basic. The picture quality is acceptable and the Android TV interface works adequately. The smart features are limited but sufficient for basic streaming needs. Good for a secondary TV."
TV007,Philips 43-inch 4K Android Smart TV,4,Decent for the price,"For the price, this TV offers good value. The picture quality is decent and the Android TV interface is user-friendly. The smart features work well and the remote is easy to use. Good option for smaller spaces."
TV008,Sharp 60-inch 4K Smart TV,4,Good picture quality,"The picture quality on this Sharp TV is quite good. The 4K resolution looks sharp and the colors are vibrant. The smart features work well and the interface is intuitive. The sound quality is adequate but could be better."
TV008,Sharp 60-inch 4K Smart TV,3,Average performance,"This TV performs adequately for the price. The picture quality is decent and the smart features work well. However, the interface can be slow at times and the sound quality is quite poor. It's a functional TV but nothing special."
TV008,Sharp 60-inch 4K Smart TV,4,Good value for money,"For the price, this TV offers good value. The picture quality is acceptable and the smart features work adequately. The interface is easy to navigate and the remote is user-friendly. Good budget option."
TV009,Panasonic 50-inch 4K Smart TV,4,Reliable smart TV,"This Panasonic TV is reliable and functional. The picture quality is good and the smart features work well. The interface is intuitive and the remote is easy to use. The sound quality is adequate for casual viewing."
TV009,Panasonic 50-inch 4K Smart TV,3,Basic functionality,"The TV works fine for basic viewing needs. The picture quality is acceptable and the smart features are functional. However, the interface can be slow and the sound quality is quite poor. It's an okay budget option."
TV009,Panasonic 50-inch 4K Smart TV,4,Decent smart TV,"For the price, this TV performs adequately. The picture quality is good enough for casual viewing and the smart features work well. The interface is user-friendly and the remote is intuitive. Good value for money."
TV010,Xiaomi 55-inch 4K Android Smart TV,4,Good budget option,"This Xiaomi TV offers good value for the price. The picture quality is decent and the Android TV interface works well. The smart features are responsive and there are plenty of apps available. The sound quality is adequate but could be better."
TV010,Xiaomi 55-inch 4K Android Smart TV,3,Average smart TV,"The TV works adequately for basic viewing. The picture quality is acceptable and the Android TV interface is functional. However, the smart features can be slow at times and the sound quality is quite poor. It's an okay budget option."
TV010,Xiaomi 55-inch 4K Android Smart TV,4,Good for streaming,"Great TV for streaming content. The Android TV interface is intuitive and has all the apps I need. The 4K picture quality is good and the smart features work well. The remote is simple and easy to use. For the price, this TV offers excellent value."
TV001,Samsung 55-inch 4K Ultra HD Smart LED TV,4,Great for movies,"Perfect TV for movie watching. The 4K resolution and HDR support make movies look incredible. The smart features work well and the interface is intuitive. The sound quality is also quite good for a TV speaker. Highly recommend for movie enthusiasts."
TV001,Samsung 55-inch 4K Ultra HD Smart LED TV,5,Excellent gaming performance,"This TV is fantastic for gaming! The low input lag and 4K resolution make games look amazing. The Game Mode feature works perfectly and I notice no lag during fast-paced games. The smart features are also great for streaming. Definitely worth the investment."
TV001,Samsung 55-inch 4K Ultra HD Smart TV,4,Good for sports,"Great TV for watching sports. The motion handling is good and the picture quality is excellent. The smart features work well and the interface is user-friendly. The sound quality is adequate but could be better for sports commentary."
TV002,LG 65-inch OLED 4K Smart TV,5,Incredible OLED display,"The OLED technology is absolutely incredible. The perfect blacks and infinite contrast ratio make every movie feel like a cinematic experience. The AI ThinQ features are smart and useful. The webOS interface is smooth and intuitive. This is hands down the best TV I've ever owned."
TV002,LG 65-inch OLED 4K Smart TV,5,Best picture quality ever,"I was skeptical about OLED but this TV blew me away. The picture quality is unmatched - colors are so vibrant and the blacks are truly black. Gaming on this TV is incredible with the low input lag. The Dolby Vision support makes movies look amazing. Worth every penny."
TV002,LG 65-inch OLED 4K Smart TV,4,Excellent but expensive,"The picture quality is absolutely stunning. OLED technology really makes a difference with perfect blacks and vibrant colors. The smart features work well and the remote is intuitive. My only complaint is the price, but you get what you pay for. The sound quality is also quite good."
TV003,Sony 75-inch 4K HDR Smart TV,5,Amazing home theater,"This 75-inch TV creates an incredible home theater experience. The picture quality is outstanding with excellent color accuracy and HDR performance. The Android TV interface is smooth and has all the apps I need. The sound quality is also impressive for a TV speaker."
TV003,Sony 75-inch 4K HDR Smart TV,4,Perfect for sports,"Excellent TV for watching sports. The motion handling is outstanding and the large screen makes every game feel immersive. The picture quality is very good and the smart features work well. The only downside is that it takes up a lot of space, but that's expected for a 75-inch TV."
TV003,Sony 75-inch 4K HDR Smart TV,5,Outstanding picture quality,"The picture quality on this Sony TV is absolutely outstanding. The colors are accurate and the HDR content looks incredible. The Android TV interface is smooth and responsive. The sound quality is also quite good. This TV has exceeded all my expectations."
TV004,TCL 50-inch 4K Roku Smart TV,4,Great budget option,"For the price, this TV offers excellent value. The 4K picture quality is good and the Roku interface is very user-friendly. The smart features work well and there are plenty of streaming apps available. The sound quality is adequate but I'd recommend external speakers for better audio."
TV004,TCL 50-inch 4K Roku Smart TV,3,Good but basic,"This TV is good for basic viewing needs. The picture quality is decent for the price and the Roku interface is easy to use. However, the sound quality is quite poor and the build quality feels a bit cheap. It's a good budget option but don't expect premium features."
TV004,TCL 50-inch 4K Roku Smart TV,4,Perfect for streaming,"Great TV for streaming content. The Roku interface is intuitive and has all the apps I need. The 4K picture quality is good and the smart features work well. The remote is simple and easy to use. For the price, this TV offers excellent value for money."
TV005,Hisense 55-inch 4K Android Smart TV,4,Good value for money,"This Hisense TV offers good value for the price. The picture quality is decent and the Android TV interface works well. The smart features are responsive and there are plenty of apps available. The sound quality is adequate but could be better."
TV005,Hisense 55-inch 4K Android Smart TV,3,Average performance,"The TV works fine for basic viewing. The picture quality is acceptable and the Android TV interface is functional. However, the smart features can be slow at times and the sound quality is quite poor. It's an okay budget option but nothing special."
TV005,Hisense 55-inch 4K Android Smart TV,4,Decent budget TV,"For the price, this TV performs adequately. The picture quality is good enough for casual viewing and the Android TV interface has all the necessary apps. The smart features work well and the remote is easy to use. Good value for money."
TV006,Vizio 65-inch 4K Smart TV,4,Good picture quality,"The picture quality on this Vizio TV is quite good. The 4K resolution looks sharp and the colors are vibrant. The smart features work well and the interface is intuitive. The sound quality is adequate but I'd recommend external speakers for better audio experience."
TV006,Vizio 65-inch 4K Smart TV,3,Average smart TV,"This TV performs adequately for the price. The picture quality is decent and the smart features work well. However, the interface can be slow at times and the sound quality is quite poor. It's a functional TV but nothing exceptional."
TV006,Vizio 65-inch 4K Smart TV,4,Good for gaming,"This TV works well for gaming. The input lag is low and the picture quality is good enough for most games. The smart features are functional and the interface is easy to navigate. For the price, it's a decent gaming TV."
TV007,Philips 43-inch 4K Android Smart TV,4,Good compact TV,"Perfect size for smaller rooms. The picture quality is good and the Android TV interface works well. The smart features are responsive and there are plenty of apps available. The sound quality is adequate for the size."
TV007,Philips 43-inch 4K Android Smart TV,3,Basic smart TV,"This TV is functional but basic. The picture quality is acceptable and the Android TV interface works adequately. The smart features are limited but sufficient for basic streaming needs. Good for a secondary TV."
TV007,Philips 43-inch 4K Android Smart TV,4,Decent for the price,"For the price, this TV offers good value. The picture quality is decent and the Android TV interface is user-friendly. The smart features work well and the remote is easy to use. Good option for smaller spaces."
TV008,Sharp 60-inch 4K Smart TV,4,Good picture quality,"The picture quality on this Sharp TV is quite good. The 4K resolution looks sharp and the colors are vibrant. The smart features work well and the interface is intuitive. The sound quality is adequate but could be better."
TV008,Sharp 60-inch 4K Smart TV,3,Average performance,"This TV performs adequately for the price. The picture quality is decent and the smart features work well. However, the interface can be slow at times and the sound quality is quite poor. It's a functional TV but nothing special."
TV008,Sharp 60-inch 4K Smart TV,4,Good value for money,"For the price, this TV offers good value. The picture quality is acceptable and the smart features work adequately. The interface is easy to navigate and the remote is user-friendly. Good budget option."
TV009,Panasonic 50-inch 4K Smart TV,4,Reliable smart TV,"This Panasonic TV is reliable and functional. The picture quality is good and the smart features work well. The interface is intuitive and the remote is easy to use. The sound quality is adequate for casual viewing."
TV009,Panasonic 50-inch 4K Smart TV,3,Basic functionality,"The TV works fine for basic viewing needs. The picture quality is acceptable and the smart features are functional. However, the interface can be slow and the sound quality is quite poor. It's an okay budget option."
TV009,Panasonic 50-inch 4K Smart TV,4,Decent smart TV,"For the price, this TV performs adequately. The picture quality is good enough for casual viewing and the smart features work well. The interface is user-friendly and the remote is intuitive. Good value for money."
TV010,Xiaomi 55-inch 4K Android Smart TV,4,Good budget option,"This Xiaomi TV offers good value for the price. The picture quality is decent and the Android TV interface works well. The smart features are responsive and there are plenty of apps available. The sound quality is adequate but could be better."
TV010,Xiaomi 55-inch 4K Android Smart TV,3,Average smart TV,"The TV works adequately for basic viewing. The picture quality is acceptable and the Android TV interface is functional. However, the smart features can be slow at times and the sound quality is quite poor. It's an okay budget option."
TV010,Xiaomi 55-inch 4K Android Smart TV,4,Good for streaming,"Great TV for streaming content. The Android TV interface is intuitive and has all the apps I need. The 4K picture quality is good and the smart features work well. The remote is simple and easy to use. For the price, this TV offers excellent value."
TV001,Samsung 55-inch 4K Ultra HD Smart LED TV,5,Perfect for home theater,"This TV creates an amazing home theater experience. The 4K resolution and HDR support make movies look incredible. The smart features work perfectly and the interface is intuitive. The sound quality is also quite good for a TV speaker. Highly recommend for movie enthusiasts."
TV001,Samsung 55-inch 4K Ultra HD Smart LED TV,4,Great for gaming,"Excellent TV for gaming! The low input lag and 4K resolution make games look amazing. The Game Mode feature works perfectly and I notice no lag during fast-paced games. The smart features are also great for streaming. Definitely worth the investment."
TV001,Samsung 55-inch 4K Ultra HD Smart TV,4,Good for sports,"Great TV for watching sports. The motion handling is good and the picture quality is excellent. The smart features work well and the interface is user-friendly. The sound quality is adequate but could be better for sports commentary."
TV002,LG 65-inch OLED 4K Smart TV,5,Stunning OLED display,"The OLED technology is absolutely incredible. The perfect blacks and infinite contrast ratio make every movie feel like a cinematic experience. The AI ThinQ features are smart and useful. The webOS interface is smooth and intuitive. This is hands down the best TV I've ever owned."
TV002,LG 65-inch OLED 4K Smart TV,5,Best picture quality ever,"I was skeptical about OLED but this TV blew me away. The picture quality is unmatched - colors are so vibrant and the blacks are truly black. Gaming on this TV is incredible with the low input lag. The Dolby Vision support makes movies look amazing. Worth every penny."
TV002,LG 65-inch OLED 4K Smart TV,4,Excellent but expensive,"The picture quality is absolutely stunning. OLED technology really makes a difference with perfect blacks and vibrant colors. The smart features work well and the remote is intuitive. My only complaint is the price, but you get what you pay for. The sound quality is also quite good."
TV003,Sony 75-inch 4K HDR Smart TV,5,Incredible home theater experience,"This 75-inch TV creates an amazing home theater experience. The picture quality is outstanding with excellent color accuracy and HDR performance. The Android TV interface is smooth and has all the apps I need. The sound quality is also impressive for a TV speaker."
TV003,Sony 75-inch 4K HDR Smart TV,4,Great for sports viewing,"Perfect TV for watching sports. The motion handling is excellent and the large screen makes every game feel immersive. The picture quality is very good and the smart features work well. The only downside is that it takes up a lot of space, but that's expected for a 75-inch TV."
TV003,Sony 75-inch 4K HDR Smart TV,5,Outstanding picture quality,"The picture quality on this Sony TV is absolutely outstanding. The colors are accurate and the HDR content looks incredible. The Android TV interface is smooth and responsive. The sound quality is also quite good. This TV has exceeded all my expectations."
TV004,TCL 50-inch 4K Roku Smart TV,4,Great budget option,"For the price, this TV offers excellent value. The 4K picture quality is good and the Roku interface is very user-friendly. The smart features work well and there are plenty of streaming apps available. The sound quality is adequate but I'd recommend external speakers for better audio."
TV004,TCL 50-inch 4K Roku Smart TV,3,Good but basic,"This TV is good for basic viewing needs. The picture quality is decent for the price and the Roku interface is easy to use. However, the sound quality is quite poor and the build quality feels a bit cheap. It's a good budget option but don't expect premium features."
TV004,TCL 50-inch 4K Roku Smart TV,4,Perfect for streaming,"Great TV for streaming content. The Roku interface is intuitive and has all the apps I need. The 4K picture quality is good and the smart features work well. The remote is simple and easy to use. For the price, this TV offers excellent value for money."
TV005,Hisense 55-inch 4K Android Smart TV,4,Good value for money,"This Hisense TV offers good value for the price. The picture quality is decent and the Android TV interface works well. The smart features are responsive and there are plenty of apps available. The sound quality is adequate but could be better."
TV005,Hisense 55-inch 4K Android Smart TV,3,Average performance,"The TV works fine for basic viewing. The picture quality is acceptable and the Android TV interface is functional. However, the smart features can be slow at times and the sound quality is quite poor. It's an okay budget option but nothing special."
TV005,Hisense 55-inch 4K Android Smart TV,4,Decent budget TV,"For the price, this TV performs adequately. The picture quality is good enough for casual viewing and the Android TV interface has all the necessary apps. The smart features work well and the remote is easy to use. Good value for money."
TV006,Vizio 65-inch 4K Smart TV,4,Good picture quality,"The picture quality on this Vizio TV is quite good. The 4K resolution looks sharp and the colors are vibrant. The smart features work well and the interface is intuitive. The sound quality is adequate but I'd recommend external speakers for better audio experience."
TV006,Vizio 65-inch 4K Smart TV,3,Average smart TV,"This TV performs adequately for the price. The picture quality is decent and the smart features work well. However, the interface can be slow at times and the sound quality is quite poor. It's a functional TV but nothing exceptional."
TV006,Vizio 65-inch 4K Smart TV,4,Good for gaming,"This TV works well for gaming. The input lag is low and the picture quality is good enough for most games. The smart features are functional and the interface is easy to navigate. For the price, it's a decent gaming TV."
TV007,Philips 43-inch 4K Android Smart TV,4,Good compact TV,"Perfect size for smaller rooms. The picture quality is good and the Android TV interface works well. The smart features are responsive and there are plenty of apps available. The sound quality is adequate for the size."
TV007,Philips 43-inch 4K Android Smart TV,3,Basic smart TV,"This TV is functional but basic. The picture quality is acceptable and the Android TV interface works adequately. The smart features are limited but sufficient for basic streaming needs. Good for a secondary TV."
TV007,Philips 43-inch 4K Android Smart TV,4,Decent for the price,"For the price, this TV offers good value. The picture quality is decent and the Android TV interface is user-friendly. The smart features work well and the remote is easy to use. Good option for smaller spaces."
TV008,Sharp 60-inch 4K Smart TV,4,Good picture quality,"The picture quality on this Sharp TV is quite good. The 4K resolution looks sharp and the colors are vibrant. The smart features work well and the interface is intuitive. The sound quality is adequate but could be better."
TV008,Sharp 60-inch 4K Smart TV,3,Average performance,"This TV performs adequately for the price. The picture quality is decent and the smart features work well. However, the interface can be slow at times and the sound quality is quite poor. It's a functional TV but nothing special."
TV008,Sharp 60-inch 4K Smart TV,4,Good value for money,"For the price, this TV offers good value. The picture quality is acceptable and the smart features work adequately. The interface is easy to navigate and the remote is user-friendly. Good budget option."
TV009,Panasonic 50-inch 4K Smart TV,4,Reliable smart TV,"This Panasonic TV is reliable and functional. The picture quality is good and the smart features work well. The interface is intuitive and the remote is easy to use. The sound quality is adequate for casual viewing."
TV009,Panasonic 50-inch 4K Smart TV,3,Basic functionality,"The TV works fine for basic viewing needs. The picture quality is acceptable and the smart features are functional. However, the interface can be slow and the sound quality is quite poor. It's an okay budget option."
TV009,Panasonic 50-inch 4K Smart TV,4,Decent smart TV,"For the price, this TV performs adequately. The picture quality is good enough for casual viewing and the smart features work well. The interface is user-friendly and the remote is intuitive. Good value for money."
TV010,Xiaomi 55-inch 4K Android Smart TV,4,Good budget option,"This Xiaomi TV offers good value for the price. The picture quality is decent and the Android TV interface works well. The smart features are responsive and there are plenty of apps available. The sound quality is adequate but could be better."
TV010,Xiaomi 55-inch 4K Android Smart TV,3,Average smart TV,"The TV works adequately for basic viewing. The picture quality is acceptable and the Android TV interface is functional. However, the smart features can be slow at times and the sound quality is quite poor. It's an okay budget option."
TV010,Xiaomi 55-inch 4K Android Smart TV,4,Good for streaming,"Great TV for streaming content. The Android TV interface is intuitive and has all the apps I need. The 4K picture quality is good and the smart features work well. The remote is simple and easy to use. For the price, this TV offers excellent value."
TV001,Samsung 55-inch 4K Ultra HD Smart LED TV,5,Amazing picture quality,"The picture quality on this Samsung TV is absolutely stunning. The 4K resolution makes everything look incredibly sharp and detailed. The colors are vibrant and the contrast is excellent. The smart features work flawlessly and the interface is very intuitive. Netflix and Prime Video look amazing on this display. The sound quality is also quite good for a TV speaker. Setup was easy and the remote is well-designed. Highly recommend for anyone looking for a premium viewing experience." 
TV002,LG 65-inch OLED 4K Smart TV,5,Incredible OLED technology,"The OLED technology in this LG TV is absolutely mind-blowing. The perfect blacks and infinite contrast ratio create an unmatched viewing experience. Every movie feels like a cinematic experience with the stunning picture quality. The AI ThinQ features are incredibly smart and useful. The webOS interface is smooth and very intuitive to navigate. This is definitely the best TV I've ever owned and worth every penny." 
TV003,Sony 75-inch 4K HDR Smart TV,5,Perfect home theater,"This 75-inch Sony TV creates the ultimate home theater experience. The picture quality is absolutely outstanding with excellent color accuracy and HDR performance. The Android TV interface is incredibly smooth and has all the apps I need. The sound quality is also impressive for a TV speaker. The large screen makes every movie and show feel immersive. Highly recommend for anyone looking to create a true home theater experience." 
TV004,TCL 50-inch 4K Roku Smart TV,4,Excellent budget choice,"This TCL TV offers incredible value for the price. The 4K picture quality is very good and the Roku interface is extremely user-friendly. The smart features work perfectly and there are plenty of streaming apps available. The sound quality is adequate but I'd definitely recommend external speakers for a better audio experience. For the price point, this TV exceeds expectations." 
TV005,Hisense 55-inch 4K Android Smart TV,4,Good value for money,"This Hisense TV provides excellent value for the price. The picture quality is quite good and the Android TV interface works very well. The smart features are responsive and there are plenty of apps available. The sound quality is adequate but could be better. Overall, this is a solid choice for budget-conscious buyers who want a decent smart TV." 
TV006,Vizio 65-inch 4K Smart TV,4,Good picture quality,"The picture quality on this Vizio TV is quite impressive. The 4K resolution looks very sharp and the colors are vibrant. The smart features work well and the interface is intuitive to navigate. The sound quality is adequate but I'd recommend external speakers for a better audio experience. For the price, this TV offers good value." 
TV007,Philips 43-inch 4K Android Smart TV,4,Perfect for small rooms,"This Philips TV is ideal for smaller rooms or as a secondary TV. The picture quality is good and the Android TV interface works well. The smart features are responsive and there are plenty of apps available. The sound quality is adequate for the size. The compact design makes it perfect for bedrooms or small living spaces." 
TV008,Sharp 60-inch 4K Smart TV,4,Good value option,"The picture quality on this Sharp TV is quite good. The 4K resolution looks sharp and the colors are vibrant. The smart features work well and the interface is intuitive to use. The sound quality is adequate but could be better. For the price, this TV offers good value for money." 
TV009,Panasonic 50-inch 4K Smart TV,4,Reliable performance,"This Panasonic TV is reliable and performs well. The picture quality is good and the smart features work consistently. The interface is intuitive and the remote is easy to use. The sound quality is adequate for casual viewing. This is a solid choice for those who want a dependable smart TV." 
TV010,Xiaomi 55-inch 4K Android Smart TV,4,Good budget smart TV,"This Xiaomi TV offers good value for the price. The picture quality is decent and the Android TV interface works well. The smart features are responsive and there are plenty of apps available. The sound quality is adequate but could be better. For the price, this is a good budget smart TV option." 
TV001,Samsung 55-inch 4K Ultra HD Smart LED TV,5,Perfect for gaming,"This Samsung TV is absolutely fantastic for gaming! The low input lag and 4K resolution make my PS5 and Xbox games look incredible. The Game Mode feature works perfectly and I notice no lag during fast-paced games. The smart features are also great for streaming. Definitely worth the investment for gamers." 
TV002,LG 65-inch OLED 4K Smart TV,5,Best picture quality ever,"I was skeptical about OLED but this TV completely blew me away. The picture quality is absolutely unmatched - colors are so vibrant and the blacks are truly black. Gaming on this TV is incredible with the low input lag. The Dolby Vision support makes movies look amazing. Worth every penny for the premium experience." 
TV003,Sony 75-inch 4K HDR Smart TV,5,Outstanding picture quality,"The picture quality on this Sony TV is absolutely outstanding. The colors are incredibly accurate and the HDR content looks spectacular. The Android TV interface is smooth and responsive. The sound quality is also quite good. This TV has exceeded all my expectations and is perfect for movie watching." 
TV004,TCL 50-inch 4K Roku Smart TV,4,Great for streaming,"This TCL TV is perfect for streaming content. The Roku interface is very intuitive and has all the apps I need. The 4K picture quality is good and the smart features work well. The remote is simple and easy to use. For the price, this TV offers excellent value for money and is ideal for streaming services." 
TV005,Hisense 55-inch 4K Android Smart TV,3,Average performance,"The TV works fine for basic viewing needs. The picture quality is acceptable and the Android TV interface is functional. However, the smart features can be slow at times and the sound quality is quite poor. It's an okay budget option but nothing special. Would recommend looking at other options in this price range." 
TV006,Vizio 65-inch 4K Smart TV,4,Good for gaming,"This Vizio TV works well for gaming. The input lag is low and the picture quality is good enough for most games. The smart features are functional and the interface is easy to navigate. For the price, it's a decent gaming TV that offers good value for money." 
TV007,Philips 43-inch 4K Android Smart TV,3,Basic smart TV,"This Philips TV is functional but basic. The picture quality is acceptable and the Android TV interface works adequately. The smart features are limited but sufficient for basic streaming needs. Good for a secondary TV or small room. Don't expect premium features at this price point." 
TV008,Sharp 60-inch 4K Smart TV,3,Average performance,"This Sharp TV performs adequately for the price. The picture quality is decent and the smart features work well. However, the interface can be slow at times and the sound quality is quite poor. It's a functional TV but nothing exceptional. Good for basic viewing needs." 
TV009,Panasonic 50-inch 4K Smart TV,3,Basic functionality,"The TV works fine for basic viewing needs. The picture quality is acceptable and the smart features are functional. However, the interface can be slow and the sound quality is quite poor. It's an okay budget option but don't expect premium performance." 
TV010,Xiaomi 55-inch 4K Android Smart TV,3,Average smart TV,"The TV works adequately for basic viewing. The picture quality is acceptable and the Android TV interface is functional. However, the smart features can be slow at times and the sound quality is quite poor. It's an okay budget option but nothing special." 
TV001,Samsung 55-inch 4K Ultra HD Smart LED TV,5,Excellent for movies,"Perfect TV for movie watching. The 4K resolution and HDR support make movies look incredible. The smart features work well and the interface is intuitive. The sound quality is also quite good for a TV speaker. Highly recommend for movie enthusiasts who want a premium viewing experience." 
TV001,Samsung 55-inch 4K Ultra HD Smart LED TV,4,Great for sports,"Great TV for watching sports. The motion handling is good and the picture quality is excellent. The smart features work well and the interface is user-friendly. The sound quality is adequate but could be better for sports commentary. Overall a solid choice for sports fans." 
TV002,LG 65-inch OLED 4K Smart TV,5,Incredible gaming experience,"This LG OLED TV is absolutely incredible for gaming! The low input lag and perfect blacks make every game look stunning. The 4K resolution and HDR support create an immersive gaming experience. The smart features work flawlessly and the webOS interface is smooth. Worth every penny for serious gamers." 
TV002,LG 65-inch OLED 4K Smart TV,4,Excellent but expensive,"The picture quality is absolutely stunning. OLED technology really makes a difference with perfect blacks and vibrant colors. The smart features work well and the remote is intuitive. My only complaint is the price, but you get what you pay for. The sound quality is also quite good." 
TV003,Sony 75-inch 4K HDR Smart TV,5,Perfect for sports,"Excellent TV for watching sports. The motion handling is outstanding and the large screen makes every game feel immersive. The picture quality is very good and the smart features work well. The only downside is that it takes up a lot of space, but that's expected for a 75-inch TV." 
TV003,Sony 75-inch 4K HDR Smart TV,4,Great for gaming,"This Sony TV works great for gaming. The large screen creates an immersive gaming experience and the picture quality is excellent. The Android TV interface is smooth and responsive. The sound quality is also quite good. Perfect for gamers who want a large display." 
TV004,TCL 50-inch 4K Roku Smart TV,4,Good budget option,"For the price, this TCL TV offers excellent value. The 4K picture quality is good and the Roku interface is very user-friendly. The smart features work well and there are plenty of streaming apps available. The sound quality is adequate but I'd recommend external speakers for better audio." 
TV004,TCL 50-inch 4K Roku Smart TV,3,Good but basic,"This TV is good for basic viewing needs. The picture quality is decent for the price and the Roku interface is easy to use. However, the sound quality is quite poor and the build quality feels a bit cheap. It's a good budget option but don't expect premium features." 
TV005,Hisense 55-inch 4K Android Smart TV,4,Decent budget TV,"For the price, this TV performs adequately. The picture quality is good enough for casual viewing and the Android TV interface has all the necessary apps. The smart features work well and the remote is easy to use. Good value for money for budget-conscious buyers." 
TV006,Vizio 65-inch 4K Smart TV,3,Average smart TV,"This TV performs adequately for the price. The picture quality is decent and the smart features work well. However, the interface can be slow at times and the sound quality is quite poor. It's a functional TV but nothing exceptional. Good for basic viewing needs." 
TV007,Philips 43-inch 4K Android Smart TV,4,Decent for the price,"For the price, this TV offers good value. The picture quality is decent and the Android TV interface is user-friendly. The smart features work well and the remote is easy to use. Good option for smaller spaces or as a secondary TV." 
TV008,Sharp 60-inch 4K Smart TV,4,Good value for money,"For the price, this TV offers good value. The picture quality is acceptable and the smart features work adequately. The interface is easy to navigate and the remote is user-friendly. Good budget option for those looking for a larger screen." 
TV009,Panasonic 50-inch 4K Smart TV,4,Decent smart TV,"For the price, this TV performs adequately. The picture quality is good enough for casual viewing and the smart features work well. The interface is user-friendly and the remote is intuitive. Good value for money for budget-conscious buyers." 
TV010,Xiaomi 55-inch 4K Android Smart TV,4,Good for streaming,"Great TV for streaming content. The Android TV interface is intuitive and has all the apps I need. The 4K picture quality is good and the smart features work well. The remote is simple and easy to use. For the price, this TV offers excellent value." 
TV001,Samsung 55-inch 4K Ultra HD Smart LED TV,5,Amazing picture quality,"The picture quality on this Samsung TV is absolutely stunning. The 4K resolution makes everything look incredibly sharp and detailed. The colors are vibrant and the contrast is excellent. The smart features work flawlessly and the interface is very intuitive. Netflix and Prime Video look amazing on this display." 
TV002,LG 65-inch OLED 4K Smart TV,5,Stunning OLED display,"The OLED technology in this LG TV is absolutely mind-blowing. The perfect blacks and infinite contrast ratio create an unmatched viewing experience. Every movie feels like a cinematic experience with the stunning picture quality. The AI ThinQ features are incredibly smart and useful." 
TV003,Sony 75-inch 4K HDR Smart TV,5,Incredible home theater,"This 75-inch Sony TV creates an amazing home theater experience. The picture quality is outstanding with excellent color accuracy and HDR performance. The Android TV interface is smooth and has all the apps I need. The sound quality is also impressive for a TV speaker." 
TV004,TCL 50-inch 4K Roku Smart TV,4,Perfect for streaming,"Great TV for streaming content. The Roku interface is intuitive and has all the apps I need. The 4K picture quality is good and the smart features work well. The remote is simple and easy to use. For the price, this TV offers excellent value for money." 
TV005,Hisense 55-inch 4K Android Smart TV,4,Good value for money,"This Hisense TV provides excellent value for the price. The picture quality is quite good and the Android TV interface works very well. The smart features are responsive and there are plenty of apps available. The sound quality is adequate but could be better." 
TV006,Vizio 65-inch 4K Smart TV,4,Good picture quality,"The picture quality on this Vizio TV is quite impressive. The 4K resolution looks very sharp and the colors are vibrant. The smart features work well and the interface is intuitive to navigate. The sound quality is adequate but I'd recommend external speakers for a better audio experience." 
TV007,Philips 43-inch 4K Android Smart TV,4,Perfect for small rooms,"This Philips TV is ideal for smaller rooms or as a secondary TV. The picture quality is good and the Android TV interface works well. The smart features are responsive and there are plenty of apps available. The sound quality is adequate for the size." 
TV008,Sharp 60-inch 4K Smart TV,4,Good value option,"The picture quality on this Sharp TV is quite good. The 4K resolution looks sharp and the colors are vibrant. The smart features work well and the interface is intuitive to use. The sound quality is adequate but could be better. For the price, this TV offers good value for money." 
TV009,Panasonic 50-inch 4K Smart TV,4,Reliable performance,"This Panasonic TV is reliable and performs well. The picture quality is good and the smart features work consistently. The interface is intuitive and the remote is easy to use. The sound quality is adequate for casual viewing. This is a solid choice for those who want a dependable smart TV." 
TV010,Xiaomi 55-inch 4K Android Smart TV,4,Good budget smart TV,"This Xiaomi TV offers good value for the price. The picture quality is decent and the Android TV interface works well. The smart features are responsive and there are plenty of apps available. The sound quality is adequate but could be better. For the price, this is a good budget smart TV option." 
